Title,Price,Date
Programmer's Problem Heren T-shirt - programeren - ICT - computer - techniek - technologie,24.95,2024-11-27
Programmer's Problem Heren T-shirt - programeren - ICT - computer - techniek - technologie,24.95,2024-11-27
Programmer's Problem Heren T-shirt - programeren - ICT - computer - techniek - technologie,24.95,2024-11-27
Programmer's Problem Heren T-shirt - programeren - ICT - computer - techniek - technologie,24.95,2024-11-27
Programmer's Problem Heren T-shirt - programeren - ICT - computer - techniek - technologie,24.95,2024-11-27
Programmer's Problem Heren T-shirt - programeren - ICT - computer - techniek - technologie,24.95,2024-11-27
Programmer's Problem Heren T-shirt - programeren - ICT - computer - techniek - technologie,24.95,2024-11-27
Programmer's Problem Heren T-shirt - programeren - ICT - computer - techniek - technologie,24.95,2024-11-27
Programmer's Problem Heren T-shirt - programeren - ICT - computer - techniek - technologie,24.95,2024-11-27
Programmer's Problem Heren T-shirt - programeren - ICT - computer - techniek - technologie,24.95,2024-11-27
Programmer's Problem Heren T-shirt - programeren - ICT - computer - techniek - technologie,24.95,2024-11-27
Programmer's Problem Heren T-shirt - programeren - ICT - computer - techniek - technologie,24.95,2024-11-27
Programmer's Problem Heren T-shirt - programeren - ICT - computer - techniek - technologie,24.95,2024-11-27
Programmer's Problem Heren T-shirt - programeren - ICT - computer - techniek - technologie,24.95,2024-11-27
Programmer's Problem Heren T-shirt - programeren - ICT - computer - techniek - technologie,24.95,2024-11-27
Programmer's Problem Heren T-shirt - programeren - ICT - computer - techniek - technologie,24.95,2024-11-27
Programmer's Problem Heren T-shirt - programeren - ICT - computer - techniek - technologie,24.95,2024-11-27
Programmer's Problem Heren T-shirt - programeren - ICT - computer - techniek - technologie,24.95,2024-11-27
Programmer's Problem Heren T-shirt - programeren - ICT - computer - techniek - technologie,24.95,2024-11-27
Programmer's Problem Heren T-shirt - programeren - ICT - computer - techniek - technologie,24.95,2024-11-27
Programmer's Problem Heren T-shirt - programeren - ICT - computer - techniek - technologie,24.95,2024-11-27
Programmer's Problem Heren T-shirt - programeren - ICT - computer - techniek - technologie,24.95,2024-11-27
Programmer's Problem Heren T-shirt - programeren - ICT - computer - techniek - technologie,24.95,2024-11-27
Programmer's Problem Heren T-shirt - programeren - ICT - computer - techniek - technologie,24.95,2024-11-27
Programmer's Problem Heren T-shirt - programeren - ICT - computer - techniek - technologie,24.95,2024-11-27
Programmer's Problem Heren T-shirt - programeren - ICT - computer - techniek - technologie,24.95,2024-11-27
Programmer's Problem Heren T-shirt - programeren - ICT - computer - techniek - technologie,24.95,2024-11-27
Programmer's Problem Heren T-shirt - programeren - ICT - computer - techniek - technologie,24.95,2024-11-27
Programmer's Problem Heren T-shirt - programeren - ICT - computer - techniek - technologie,24.95,2024-11-27
Programmer's Problem Heren T-shirt - programeren - ICT - computer - techniek - technologie,24.95,2024-11-27
Programmer's Problem Heren T-shirt - programeren - ICT - computer - techniek - technologie,24.95,2024-11-27
Programmer's Problem Heren T-shirt - programeren - ICT - computer - techniek - technologie,24.95,2024-11-27
Programmer's Problem Heren T-shirt - programeren - ICT - computer - techniek - technologie,24.95,2024-11-27
Programmer's Problem Heren T-shirt - programeren - ICT - computer - techniek - technologie,24.95,2024-11-27
Programmer's Problem Heren T-shirt - programeren - ICT - computer - techniek - technologie,24.95,2024-11-27
